<?xml version="1.0" encoding="UTF-8"?>

<mule xmlns:ee="http://www.mulesoft.org/schema/mule/ee/core" xmlns:file="http://www.mulesoft.org/schema/mule/file"
	xmlns:http="http://www.mulesoft.org/schema/mule/http"
	xmlns="http://www.mulesoft.org/schema/mule/core" xmlns:doc="http://www.mulesoft.org/schema/mule/documentation" xmlns:xsi="http://www.w3.org/2001/XMLSchema-instance" xsi:schemaLocation="http://www.mulesoft.org/schema/mule/core http://www.mulesoft.org/schema/mule/core/current/mule.xsd
http://www.mulesoft.org/schema/mule/http http://www.mulesoft.org/schema/mule/http/current/mule-http.xsd
http://www.mulesoft.org/schema/mule/file http://www.mulesoft.org/schema/mule/file/current/mule-file.xsd
http://www.mulesoft.org/schema/mule/ee/core http://www.mulesoft.org/schema/mule/ee/core/current/mule-ee.xsd">
	<http:listener-config name="HTTP_Listener_config" doc:name="HTTP Listener config" doc:id="cd438b88-f65e-4b37-8ca0-5c76c1fa7b69" >
		<http:listener-connection host="0.0.0.0" port="8081" />
	</http:listener-config>
	<file:config name="File_Config" doc:name="File Config" doc:id="a8c18589-f4ac-4a37-b4ce-c504630eff32" >
		<file:connection workingDir="/Users/srinivas/Downloads" />
	</file:config>
	<flow name="file-read-xlsx-demoFlow" doc:id="cd9a4bec-62c3-48b3-808e-6cd4f601430e" >
		<http:listener doc:name="GET /readFile" doc:id="0b7dfd5c-ae0b-4e44-8400-d38e59cf4372" config-ref="HTTP_Listener_config" path="readFile"/>
		<file:read doc:name="Read" doc:id="5769470f-96d1-470d-80b5-e2fdb807bb7e" config-ref="File_Config" path="/Users/srinivas/Downloads/file_example_XLSX_10.xlsx" outputMimeType="application/xlsx"/>
		<ee:transform doc:name="Transform Message" doc:id="b5b03158-249a-4b10-8a1e-ac5d0e79c21d" >
			<ee:message >
				<ee:set-payload ><![CDATA[%dw 2.0
output application/json
---
payload.Sheet1]]></ee:set-payload>
			</ee:message>
		</ee:transform>
		<logger level="INFO" doc:name="Logger" doc:id="7acee4e1-a862-48b8-96b1-d7e85e502126" />
	</flow>
</mule>
