<?xml version="1.0" encoding="UTF-8"?>

<mule xmlns:ee="http://www.mulesoft.org/schema/mule/ee/core" xmlns:wsc="http://www.mulesoft.org/schema/mule/wsc"
	xmlns:http="http://www.mulesoft.org/schema/mule/http"
	xmlns="http://www.mulesoft.org/schema/mule/core" xmlns:doc="http://www.mulesoft.org/schema/mule/documentation" xmlns:xsi="http://www.w3.org/2001/XMLSchema-instance" xsi:schemaLocation="http://www.mulesoft.org/schema/mule/core http://www.mulesoft.org/schema/mule/core/current/mule.xsd
http://www.mulesoft.org/schema/mule/http http://www.mulesoft.org/schema/mule/http/current/mule-http.xsd
http://www.mulesoft.org/schema/mule/wsc http://www.mulesoft.org/schema/mule/wsc/current/mule-wsc.xsd
http://www.mulesoft.org/schema/mule/ee/core http://www.mulesoft.org/schema/mule/ee/core/current/mule-ee.xsd">
	<http:listener-config name="HTTP_Listener_config" doc:name="HTTP Listener config" doc:id="b0d7faaa-f928-4034-8588-e31e14395c59" >
		<http:listener-connection host="0.0.0.0" port="8081" />
	</http:listener-config>
	<wsc:config name="Web_Service_Consumer_Config" doc:name="Web Service Consumer Config" doc:id="a699dc4a-63db-49d2-afd7-58e3aea25447" >
		<wsc:connection wsdlLocation="http://www.dneonline.com/calculator.asmx?wsdl" service="Calculator" port="CalculatorSoap" address="http://www.dneonline.com/calculator.asmx" >
			<wsc:web-service-security actor="http://schemas.xmlsoap.org/soap/actor/next" />
		</wsc:connection>
	</wsc:config>
	<flow name="munitdemoFlow" doc:id="4e612127-5d77-433f-872a-9902fb299395" >
		<http:listener doc:name="GET /addTwoNumbers" doc:id="d134143e-703a-47c8-8798-921c0b87f122" config-ref="HTTP_Listener_config" path="addTwoNumbers"/>
		<set-variable value="#[attributes.queryParams.number1]" doc:name="Set Variable" doc:id="471360e7-83d5-4544-a4d6-5574a9764dde" variableName="number1"/>
		<set-variable value="#[attributes.queryParams.number2]" doc:name="Set Variable" doc:id="49a2d359-4761-4234-b1ba-12914d271422" variableName="number2"/>
		<ee:transform doc:name="Transform Message" doc:id="25720aa2-793e-4aa5-a10b-82d3fe223981" >
			<ee:message >
				<ee:set-payload ><![CDATA[%dw 2.0
output application/xml
ns ns0 http://tempuri.org/
---
{
	ns0#Add: {
		ns0#intA: vars.number1 as Number,
		ns0#intB: vars.number2 as Number
	}
}]]></ee:set-payload>
			</ee:message>
		</ee:transform>
		<wsc:consume operation="Add" doc:name="Consume" doc:id="1d3546e0-219f-4772-a326-76077b837305" config-ref="Web_Service_Consumer_Config"/>
		<ee:transform doc:name="Transform Message" doc:id="5ed9e465-f566-4a63-ae61-f731a160ee80" >
			<ee:message >
				<ee:set-payload ><![CDATA[%dw 2.0
output application/json
---
payload]]></ee:set-payload>
			</ee:message>
		</ee:transform>
	</flow>
</mule>
